{
    "foreground_intensity_properties_per_channel": {
        "0": {
            "max": 7536.01171875,
            "mean": 2169.205322265625,
            "median": 1988.3988037109375,
            "min": -144.0175018310547,
            "percentile_00_5": 48.5346565246582,
            "percentile_99_5": 5857.07177734375,
            "std": 1543.8226318359375
        }
    },
    "median_relative_size_after_cropping": 1.0,
    "shapes_after_crop": [
        [
            176,
            360,
            360
        ],
        [
            184,
            300,
            300
        ],
        [
            160,
            350,
            350
        ],
        [
            172,
            340,
            340
        ],
        [
            146,
            340,
            340
        ],
        [
            214,
            380,
            380
        ],
        [
            176,
            330,
            330
        ],
        [
            178,
            310,
            310
        ],
        [
            177,
            360,
            360
        ],
        [
            176,
            340,
            340
        ],
        [
            168,
            350,
            350
        ],
        [
            188,
            350,
            350
        ],
        [
            188,
            340,
            340
        ],
        [
            176,
            340,
            340
        ],
        [
            200,
            380,
            380
        ],
        [
            182,
            340,
            340
        ],
        [
            174,
            340,
            340
        ],
        [
            162,
            330,
            330
        ],
        [
            196,
            340,
            340
        ],
        [
            174,
            350,
            350
        ]
    ],
    "spacings": [
        [
            1.0,
            1.0,
            1.0
        ],
        [
            1.0,
            1.0,
            1.0
        ],
        [
            1.0,
            1.0,
            1.0
        ],
        [
            1.0,
            1.0,
            1.0
        ],
        [
            1.0,
            1.0,
            1.0
        ],
        [
            1.0,
            1.0,
            1.0
        ],
        [
            1.0,
            1.0,
            1.0
        ],
        [
            1.0,
            1.0,
            1.0
        ],
        [
            1.0,
            1.0,
            1.0
        ],
        [
            1.0,
            1.0,
            1.0
        ],
        [
            1.0,
            1.0,
            1.0
        ],
        [
            1.0,
            1.0,
            1.0
        ],
        [
            1.0,
            1.0,
            1.0
        ],
        [
            1.0,
            1.0,
            1.0
        ],
        [
            1.0,
            1.0,
            1.0
        ],
        [
            1.0,
            1.0,
            1.0
        ],
        [
            1.0,
            1.0,
            1.0
        ],
        [
            1.0,
            1.0,
            1.0
        ],
        [
            1.0,
            1.0,
            1.0
        ],
        [
            1.0,
            1.0,
            1.0
        ]
    ]
}